Loco por Verte,Los Hitmen,rap
Culpables,"Drako ""El Principe""",latin
The Optimist,Cory Wong,pop
Golden Funky Groove,LemKuuja,r&b
"Rub You The Right Way - 7"" Version",Johnny Gill,r&b
Quid Pro Quo,Critic City,rock
Poison,Alice Cooper,rock
I Need Your Help,Deitrick Haddon,r&b
Voy a Beber,Nicky Jam,latin
Defaulter,R. Nait,rap
Guaya Guaya,Don Omar,latin
Someone Like You,Dj Electrocimatic,edm
Pegadito,Tommy Torres,latin
Message In A Bottle - Live,Thirty Seconds To Mars,latin
No Right To Love You - Acoustic,Rhys Lewis,r&b
Angel,Akon,latin
Trouble,R3HAB,latin
Lonely (with Jonas Brothers),Diplo,pop
Zombie,The Cranberries,rock
Phoenix,1986 Omega Tribe,r&b
Better,Khalid,r&b
Breakup Song,De Hofnar,latin
Racks In The Middle (feat. Roddy Ricch and Hit-Boy),Nipsey Hussle,rap
Him & I (with Halsey),G-Eazy,r&b
"Blue On Black (feat. Kenny Wayne Shepherd, Brantley Gilbert & Brian May)",Five Finger Death Punch,rock
Aerials,System Of A Down,rock
Nana,J Alvarez,latin
Nadir,TENDER,pop
OPalite,"Sarah, the Illstrumentalist",rap
Helicopter - Original Edit,Martin Garrix,edm
Back To You,Man Cub,edm
Get You (feat. Kali Uchis),Daniel Caesar,r&b
BLUE JUICE,gizmo,rap
"Gonna Love Me (feat. Ghostface Killah, Method Man & Raekwon) - Remix",Teyana Taylor,r&b
Sin (feat. Jaden Smith),Young Thug,rap
Girl's Got It Goin' On,Michael Cooper,r&b
Breaking My Rules,Shannon Chapman,r&b
Stay High - Habits Remix,Tove Lo,edm
Space,Julian Jeweil,edm
No Podrás,Cristian Castro,latin
Caviar,Lenny Tavárez,rap
Peleamos Mañana,Jon Z,rap
Two Tickets to Paradise,Eddie Money,rock
Memory - Klaas Radio Mix,Fragma,edm
Delícia Tchu Tcha Tcha,Mike Moonnight,latin
Me Pagan,Aleman,rap
Suge,DaBaby,rap
balcony view,Leavv,rap
Make It Right (feat. Lauv) [EDM Remix],BTS,edm
For A Better Day,Avicii,pop
Conga,Miami Sound Machine,rock
Shed a Tear,Delinquent Habits,rap
UNDERGRND,UZ,rap
Ever After,dvine,latin
Fortunate Son,Creedence Clearwater Revival,rock
Lite Weight (feat. The Free Nationals United Fellowship Choir),Anderson .Paak,r&b
Ride Captain Ride - Single Version,Blues Image,rock
La Difícil,Camilo,latin
Ain't Nothing Changed,Loyle Carner,r&b
Sangre en el Pool Party,Crudo Means Raw,latin
La Noche Se Presta,J Bas Y Santy,latin
Hola Beba,Farruko,latin
Lost & Found,Jorja Smith,r&b
China,Anuel AA,r&b
Sextasy,Swae Lee,rap
Yes Indeed,Lil Baby,rap
Yee - Radio Edit,Deorro,edm
Rub You The Right Way,Johnny Gill,r&b
What Do I Do? - Benny Benassi Remix,Georgia Ku,pop
Brown Eyed Girl,Van Morrison,rock
Big Area,Then Jerico,pop
Cariñito,Lila Downs,latin
Forgot About Dre,Dr. Dre,r&b
En El Muelle De San Blas,Maná,latin
Hold The Line - Acoustic,A R I Z O N A,pop
Head Over Heels - James Roe Remix,Sultan + Shepard,pop
On & On,Cartoon,pop
Zigzag,Bhavi,rap
Turn Up The Speakers,Afrojack,edm
Watch Out For This (Bumaye),Major Lazer,latin
Still the One,Orleans,rock
Made For You,John De Sohn,edm
Silence,Marshmello,pop
Virtuoso,Sace,rap
Nocturne,Julian Lage,pop
This Girl (Kungs Vs. Cookin' On 3 Burners),Kungs,pop
Close Your Eyes (And Count To Fuck),Run The Jewels,pop
Perreito - Remix,Mariah,latin
Sudden Changes,Niva,edm
Yellow Hearts,Ant Saunders,latin
Cojela Que Va Sin Jockey,Daddy Yankee,latin
Pegao,Wisin & Yandel,latin
Sorry Not Sorry,Demi Lovato,pop
Loco Contigo (feat. J. Balvin & Tyga),DJ Snake,rap
Careless Whisper,Seether,rock
Please Don't Go,SRTW,latin
Julius Cesar,Haftbefehl,rap
Rebelde por Defecto,ToteKing,latin
3 Strikes,Terror Jr,pop
Once Again,Quality Control,rap
Gasolina,Daddy Yankee,latin
How Do You Sleep?,Sam Smith,r&b
"Pink Toes (Offset, DaBaby feat. Gunna)",Quality Control,rap
My Hero,Foo Fighters,rock
Alive (Remix),Hillsong Young & Free,edm
Secrets,Fenris,edm
Thrift Shop (feat. Wanz),Macklemore & Ryan Lewis,pop
Crush,Duckwrth,rap
Panini,Lil Nas X,edm
Feel the Same,Battle Tapes,pop
Vice Grip,Parkway Drive,rock
200 Mph,Bad Bunny,rap
Digits,Young Thug,rap
Rocas (feat. Portavoz & Stailok),Jesteinritmos,latin
The Fashion Party,The Neon Judgement,pop
Dreamers,Savoir Adore,pop
Hysteria (feat. Matthew Koma),Steve Aoki,edm
Misty Blue,Dorothy Moore,r&b
No Way!,Bazzi,r&b
A Moment to Bill It - Beat Edit,Summers Sons,rap
Culpables,KAROL G,latin
Vaina Loca,Ozuna,latin
Wild Girl,Kito,pop
Sacar la Voz,Ana Tijoux,latin
Mi Mejor Despedida,Manel Navarro,latin
no stress,Oilix,rap
No,Milly,latin
Lovers Friends - John Dahlbäck Remix,Möwe,edm
Runnin' With The Devil,Van Halen,rock
2 Many,Kodie Shane,r&b
All Hands On Deck - Giraffage Remix,Tinashe,edm
Y.O.U - Feat. Ab,Green Tea,r&b
Money Trees,Kendrick Lamar,r&b
Raveology - Original Mix,DVBBS,edm
Can't Take It With You,The Allman Brothers Band,rock
SICKO MODE,Travis Scott,rap
All My Happiness is Gone,Purple Mountains,pop
Save It For A Rainy Day,Stephen Bishop,rock
Don't Leave Me Alone (feat. Anne-Marie) - Oliver Heldens Remix,David Guetta,edm
Jumpin' Jack Flash,The Rolling Stones,rock
Take Your Time (Do It Right),The S.O.S Band,r&b
New Day - Extended Mix,The Shapeshifters,edm
all my friends,21 Savage,rap
Petalaz,Sidoka,rap
La Calin,Serhat Durmus,rap
Satellites - EP Version,Cash Cash,edm
Tanto,Jesse & Joy,latin
Big Faces,Geto Boys,rap
"Frijo: Bzrp Music Sessions, Vol. 10",Bizarrap,rap
Aftermath,Kydus,pop
Heartbeat - Radio Edit,John Dahlbäck,edm
4runner,prettyboyshav,pop
Total Shock,Mr. Mike,rap
modern anxiety - Banx & Ranx Remix,Josef Salvat,edm
On & On,Erykah Badu,r&b
Sultans of Swing,Dire Straits,rock
I'm Sprung,T-Pain,r&b
Cant Stop,Dan Bravo,r&b
"Flashlight - From ""Pitch Perfect 2"" Soundtrack",Jessie J,edm
No Mercy (feat. Denzel Curry),MELODOWNZ,rap
Work from Home,Fifth Harmony,pop
Hit Me Off,New Edition,r&b
Tutto Questo Sei Tu,Ultimo,r&b
Bad for Me,Catlea,edm
China,Anuel AA,pop
Fall In Line (feat. Demi Lovato),Christina Aguilera,r&b
Every Minute Every Day,Scorpions,rock
Broccoli,DRAM,latin
Westside (feat. Chris Brown),Jay Rock,rap
Feeling Electric,Parade of Lights,pop
Love Drug,Raheem DeVaughn,r&b
Good Company - Remastered 2011,Queen,rock
Django Jane,Janelle Monáe,pop
Sobrenatural,Juan Magán,latin
Clandestino (feat. Calypso Rose),Manu Chao,latin
Cemetery,COIN,pop
Cold as Ice,Foreigner,rock
El Taqui Taqui - Original Mix,Ilegales,latin
Somebody For Me,Heavy D & The Boyz,r&b
Lifestyle,Rich Gang,rap
Do Me Right,Hollis Brown,rock
Rendezvous,DEAMN,edm
Power,Rapsody,rap
Kusanagi,ODESZA,pop
Por Ti,Belanova,pop
Nonstop,Drake,r&b
Melting Pot,Nappy Roots,rap
It's My Life,Bon Jovi,rock
Work It Out,Jurassic 5,rap
In the Wild,Capital Kings,edm
Mi Dios Es Grande,Artury Pepper,latin
"John C: Bzrp Music Sessions, Vol. 18",Bizarrap,rap
Rocky Mountain Way,Joe Walsh,rock
In the Name of Love - DallasK Remix,Martin Garrix,edm
I Fell In Love,Gidge,r&b
Midnight Rider,The Allman Brothers Band,rock
Alarm - Original Mix,Dzeko & Torres,edm
B.M.F. (Blowin' Money Fast),Rick Ross,rap
Becoming,Zero Theorem,rock
Like I Do,David Guetta,pop
Losing Sleep - Kat Krazy Remix,John Newman,edm
Falsas Mentiras (feat. Ozuna),Los De La Nazza,latin
Hard Pass,Tritonal,edm
Take It All the Way,Xavier White,edm
ALT.COLOUR,Blanke,edm
Dontchange - Album Version (Edited),Musiq Soulchild,r&b
I Swear,Ledisi,r&b
RITMO (Bad Boys For Life),The Black Eyed Peas,pop
Come Through,Spencer Annis,edm
Kłapią Gębą,Tymek,rap
Una En Un Millón,Alexis y Fido,latin
Savannah,FAULHABER,latin
My Bag,Lloyd Cole and the Commotions,pop
Welcome To The Jungle,Guns N' Roses,rock
I'm Still Here (feat. Soul Seekers),Jessica Reedy,r&b
Rake It Up,Yo Gotti,rap
Even If - Radio Edit,Benny Benassi,edm
Ridin',Chamillionaire,pop
MONEY MANIN,FBC,rap
Listen To Your Momma - Wildstylez Remix,Showtek,edm
Trippin',Becoming Young,pop
El Mariachi,Bassjackers,rap
Crank It - Radio Edit,Breaking Beattz,edm
Ojitos Cafe,18 Kilates,latin
Possitive Vibes,Jack & Lewis,latin
"Up Where We Belong - From ""An Officer And A Gentleman""",Joe Cocker,rock
DEVASTATED,Joey Bada$$,rap
Fool Myself (feat. Welms),Lü,latin
Take Me Home Tonight,Eddie Money,rock
Guardian Angel,Joe Ghost,edm
Raaja,Noiz Van Grane,edm
House Of The Rising Sun,Five Finger Death Punch,rock
Uni,Atlas,rock
Alone - Blazars Remix,Alan Walker,edm
Candy On The Dancefloor,Tujamo,edm
Rutina,Myke Towers,rap
What Is Love,Haddaway,pop
All of Me,John Legend,edm
Cinematic (feat. Denny White) - Radio Edit,Fedde Le Grand,edm
Goodbyes (feat. Young Thug),Post Malone,r&b
North American Ride,Mallory Merk,pop
One Week,Barenaked Ladies,pop
Ráptame,Reik,latin
Daylight (Airbeat One Anthem 2018),Fluex,pop
House and the Rising Son,House Of Pain,rap
Scared to Be Lonely,Martin Garrix,pop
Lottery (Renegade),K CAMP,r&b
MAI (feat. Lele Blade & Fred De Palma),Giaime,r&b
Summers Over Interlude,Drake,r&b
APESHIT,The Carters,rap
Guilty Pleasure,Bryce Vine,pop
Vamos a la Playa,Righeira,latin
The Vengeance,Black Veil Brides,rock
Thnks fr th Mmrs,Fall Out Boy,pop
Heaven (feat. Veronica),Dzeko,edm
Tonight I'm Gonna Rock You Tonight,Spinal Tap,rock
Sigo Extrañándote,J Balvin,latin
Exhale,Jay Hardway,edm
Talk Dirty (feat. 2 Chainz),Jason Derulo,pop
Fix Me,10 Years,rock
U Send Me Swingin',Mint Condition,r&b
Listen To Your Momma,Showtek,edm
Sound of Madness,Shinedown,rock
Loyal (feat. Drake),PARTYNEXTDOOR,r&b
Finest Hour (feat. Abir),Cash Cash,edm
The Middle,Zedd,pop
Claustrophobia,Killstation,rap
Surrender,Debra Killings,r&b
Sick As Our Secrets,Makes My Blood Dance,rock
De Nada,(dc),r&b
Come Back - Revoke Remix,Sarcastic Sounds,rap
Love's Mistake,Ollie Wade,edm
Too Much,Pale,pop
Soledad,Loco Escrito,latin
Lean On (feat. MØ & DJ Snake) - Tiësto & MOTi Remix,Major Lazer,edm
El Calendario,Pasabordo,latin
Going Down - Radio edit,MATH,edm
My City,KAAZE,edm
Without You,Lucy Pearl,r&b
On My Own,BRAN,rap
Just Sayin/I Tried,The Internet,r&b
Identidad (feat. Ibeyi),Haydee Milanes,latin
Algo De Mí,Franco Masini,latin
Esperanza,Control Machete,rap
Van Gogh's Crows,Shahmen,rap
3 Lil' Putos,Cypress Hill,latin
Justice,Martin Hygard,edm
Fall in the Fall,Jelly Roll,rap
Never,Pengwin,edm
Electric Elephants,Jay Hardway,edm
If I Ain't Got You,Alicia Keys,r&b
Bitch Better Have My Money - GTA Remix,Rihanna,edm
Cryin',Aerosmith,rock
Hail Mary,Makaveli,rap
Uprising,Muse,rock
Thinkin Bout You / Too Good,IOLITE,pop
In Too Deep - 2007 Remaster,Genesis,rock
Lazarus,Porcupine Tree,rock
My Oh My (feat. DaBaby),Camila Cabello,latin
Party Like Its 1929,Tape Five,edm
Hear Dem Talking,Dread Pitt,rap
YOU'RE THE ONE (feat. Syd),KAYTRANADA,r&b
Greatest DJ - Radio Edit,twoloud,edm
Giant (with Rag'n'Bone Man),Calvin Harris,pop
Rock'N Me - Alternate Version 1,Steve Miller Band,rock
Me Time,Brooke,pop
All Over Me,Cards,pop
Poppin' Them Thangs,G-Unit,rap
King Of My Castle - Don Diablo Edit,Don Diablo,edm
Gryndin (feat. Young Marco),Jae Mansa,rap
Dame Bien,Mala Rodríguez,latin
Same Beef,Bohemia,rap
Kiss And Tell,You Me At Six,pop
PAIN,Night Lovell,rap
Solo Dance - Club Mix,Martin Jensen,edm
Easy Does It,Wildstreet,rap
Stay,EDX,edm
Spaceship Coupe,Justin Timberlake,r&b
No Place,Backstreet Boys,pop
Superhuman (feat. Eric Leva),SLANDER,edm
Avalanche,ARTY,edm
I'm A G,Rick Ross,rap
Ein Spiel (Fabrik-C Remix),Nachtmahr,pop
Honey,Johnny Balik,pop
Crocodile Rock,Elton John,rock
Breathing Underwater,Hiatus Kaiyote,r&b
Jaded,Drake,r&b
Los Viejos Rockeros Nunca Mueren - Live,Miguel Rios,rock
Hands Free,Saiko,rap
Dreams,Bluedoom,rap
Electric Body,A$AP Rocky,rap
My Demons,STARSET,rock
Is It Good To You,Heavy D & The Boyz,r&b
Special Herbs,Alsogood,r&b
Solo Contigo,Lodel,rap
Caramel,Payman,r&b
King Of Drums - Original Mix,Genairo Nvilla,latin
Dead or Alive,OverLine,edm
Hot Fun in the Summertime,Sly & The Family Stone,rock
Invincible - Original Mix,Borgeous,edm
Homerun (Intro),Paulo Londra,rap
For You,Kenny Lattimore,r&b
Memo,Young Thug,rap
Y Si Te Digo,Fanny Lu,latin
Hoy,Bonka,latin
Too Close,Prismo,pop
Cocktales,Too $hort,rap
All Star,Smash Mouth,pop
Lento,Nio Garcia,latin
Love Me Too,Joseph Tilley,pop
We Are Young (feat. Janelle Monáe),fun.,latin
Love First,YVR,edm
Ballin,Logic,rap
Waterloo Sunset - Mono Mix,The Kinks,rock
Paid Dues,8Ball,rap
Don't Need You,Adam De Great,edm
Back & Forth,Aaliyah,r&b
Casanova,Levert,r&b
Play - Loris Cimino Remix,Betta Lemme,edm
Kenny G,Matuê,rap
"Sing, Sing, Sing - Radio Edit",Wolfgang Lohr,edm
All About That Bass,Meghan Trainor,pop
Sun Is Never Going Down (feat. Dawn Golden),Martin Garrix,edm
Culpables,KAROL G,latin
Usagi Funk,Night Tempo,r&b
Talk Too Much,COIN,pop
BADU,Phay,rap
The Sound Of E - Jorn van Deynhoven Remix,Ultra Shock,edm
Rushing Back - Petit Biscuit Remix,Flume,rap
Humpin' Around,Bobby Brown,r&b
Keep Your Head Up,Ben Howard,r&b
Dynamite,Taio Cruz,pop
Stan,Eminem,rap
Wow. - Remix,Post Malone,rap
Fake Bitches,Justina Valentine,rap
Twerk Anthem - Original Mix,Tony Junior,edm
Ignite (feat. SEUNGRI) - Ahrix Remix,K-391,edm
Here It Goes Again,OK Go,rock
Culpable - Remix / Versión Salsa,Tutto Duran,latin
Suicidal Thoughts - 2005 Remaster,The Notorious B.I.G.,rap
Muthaf**ka Up,Tyga,rap
Smoker's Paradise,Spanish Fly,latin
Westside,TQ,r&b
So Seductive,Tony Yayo,rap
Como Antes,Bad Bunny,latin
Mama Said Knock You Out,Five Finger Death Punch,rock
"Givenchy Bag (feat. Future, Nafe Smallz & Chip)",Wiley,r&b
Lose Control,MEDUZA,edm
La Bebe,"Secreto ""El Famoso Biberon""",latin
10K,Raffa Moreira,rap
Ready When You Are,Mathilda Homer,r&b
Crying In The Sun,Faustix,latin
Rainman,Tymek,rap
One Dance,Drake,rap
Get Lost - Ford. Remix,Bearson,edm
Mayonaka No Screen Board,オメガトライブ,rock
Hey,FÄIS,latin
Decision (feat. Tyler Carter),ONE OK ROCK,rock
Sensitive,Jennafer Lynsey,edm
Desconocidos,Mau y Ricky,latin
"La Luna e la Gatta (feat. Tommaso Paradiso, Jovanotti, Calcutta)",Takagi & Ketra,r&b
Gandhi Money,DIVINE,rap
Sexymecri,1Kilo,r&b
Ella Se Contradice (feat. Plan B),Baby Rasta,latin
China Grove,The Doobie Brothers,rock
Million Voices,Armin van Buuren,edm
Get Got,Death Grips,pop
At Last - Single Version,Etta James,r&b
This Must Be My Dream,The 1975,pop
Be As You Are - JordanXL Remix,Mike Posner,edm
Síguelo,Wisin & Yandel,latin
Heaven,Mary Mary,r&b
Sad Songs In The Summer,Olivia O'Brien,pop
Aquaman,Asfalto Rec,rap
Live Your Life - Radio Edit,Headhunterz,edm
Him Or Me - Edit Version,Today,r&b
she,Hayley Kiyoko,pop
I Don't Care (with Justin Bieber),Ed Sheeran,latin
DUELE EL CORAZON,Enrique Iglesias,latin
Pyramania,The Alan Parsons Project,rock
Ride It,Regard,edm
Hustlin',Rick Ross,rap
Sola,Luis Fonsi,latin
Tensionado,Soapdish,rock
Bernice Burgo$,Nino Khayyam,r&b
Lean On Me,Club Nouveau,r&b
Dónde está el amor (feat. Jesse & Joy),Pablo Alborán,latin
Somebody To Love - 2011 Mix,Queen,rock
Time Machine,Grand Funk Railroad,rock
White Girl,U.S.D.A.,rap
Everybody,Home Brew,r&b
Cold Cold Man,Saint Motel,rock
My Generation - Shel Talmy Stereo Version,The Who,rock
Bang Screw,Lil C,rap
Walk This Way,Aerosmith,rock
Cruel (feat. ZAYN),Snakehips,pop
WITH U (feat. Karen Harding) - David Puentez Remix,Tujamo,edm
Molly (feat. Brendon Urie of Panic at the Disco),Lil Dicky,rap
Firework,Katy Perry,pop
Losing My Religion - Ton Don Remix,Jones & Brock,edm
Captain Tyin Knots VS Mr Walkway (No Way),Sleeping With Sirens,pop
Good Feeling,Flo Rida,latin
Mio,Devan,r&b
Not Really (Busta K Remix),Sage Charmaine,edm
IDOL,BTS,pop
Do You Really Want Me Back?,Broken English,pop
Afro Puffs,The Lady Of Rage,rap
Tremor (Sensation 2014 Anthem) - Radio Edit,Dimitri Vegas & Like Mike,edm
Magic Carpet Ride,Steppenwolf,rock
Mojadero,Mark B.,latin
Your Love,Alamid,rock
Steppin' Forward - Designer Drugs Remix,DJ Mykal,edm
Born To Run,Afrojack,edm
Freed from Desire (feat. Indiiana),Drenchill,edm
Southside Anthem - Kaytranada Remix,Big Dope P,r&b
Wake Up,Fetty Wap,rap
Déjà Vu,Roger Waters,rock
Buggin' - Edit,Hot Since 82,edm
Boss,La Zowi,rap
Free Your Soul,Devin Farney,pop
Havana (feat. Young Thug),Camila Cabello,pop
Ignition - Remix,R. Kelly,r&b
Mamasita,Kevin Roldan,latin
Chupacabras - Remaster 2004,Tiro De Gracia,latin
Ain't I - main voc up,Yung L.A.,rap
Eternal,Ericovich,rap
Ordinary Day (ft. Hailee Steinfeld),Logic,rap
Hymn for the Weekend - Seeb Remix,Coldplay,edm
Santa Muerte,Cartel De Santa,rap
Jack The Mack,Charizma & Peanut Butter Wolf,r&b
Arráncame,Marissa Mur,latin
Loco Papi,Sevenn,edm
Better Than You,Viciouz Beatz,edm
Turn It Up,Dimitri Vegas & Like Mike,rap
Thank U,Jamie Jones,r&b
I Miss You (feat. Julia Michaels),Clean Bandit,pop
The Weekend,David Puentez,edm
Holding Back The Years,Gretchen Parlato,r&b
Cobarde,Ximena Sariñana,latin
Kletter nicht durchs Fenster rein,Haze,rap
Back Around,Sole Sole,latin
Closer (feat. Halsey),The Chainsmokers,rap
How Deep Is Your Love,Calvin Harris,pop
Over Here Hustlin',Birdman,rap
Pour Some Sugar On Me - Remastered 2017,Def Leppard,pop
Waves,Joey Bada$$,r&b
"I Don't Like It, I Love It (feat. Robin Thicke & Verdine White)",Flo Rida,edm
Testimony,Mary J. Blige,r&b
The Truth Ain't What It Used To Be,Wayward Sons,rock
Someday At Christmas,Stevie Wonder,r&b
Looking Up,SafetySuit,pop
The Will To Live,Ben Harper,rock
Worth It,YK Osiris,r&b
Eclypse,BEATSMASH,rap
Harmonious Expectations,jjsauma,edm
Rush,The Score,rock
Whales,Cap Kendricks,rap
Robarte un Beso,Carlos Vives,latin
ONE THING feat. SALU (BABY-T Remix),I Don't Like Mondays.,pop
Breathless,Dave Knud,edm
I Need Your Love (feat. Ellie Goulding),Calvin Harris,pop
Who Shot Ya? - 2005 Remaster,The Notorious B.I.G.,rap
I'm Not Sorry,Hardwell,pop
Old Time's Sake,Eminem,rap
Callin' - Extended Mix,Lush & Simon,pop
Toi sur moi,MZ,r&b
Toulouse - Original Edit,Nicky Romero,edm
Fly Again,Leo Dynamic1,edm
Come Through,Sydney Yungins,rap
Bonnie & Clyde,Jake Cooper,latin
Nowe dzwięki,Żabson,rap
Follow,Amelie Lens,edm
Payback,Brownside,latin
With You,J.R.,r&b
Nena Maldicion (feat. Lenny Tavarez),Paulo Londra,rap
Pass Out,Ludacris,rap
Tócame (feat. Pitbull),Elettra Lamborghini,latin
Mine [Le Boeuf Remix],Mark Mendy,edm
Feel It Too,Tainy,r&b
Perfect Strangers,Jonas Blue,edm
Know Love - OTR Remix,RKCB,pop
Let's Go (feat. Big D & Twista),Trick Daddy,rap
Virtual Diva,Don Omar,latin
Elements,Lindsey Stirling,pop
Ribs,Lorde,pop
Funky Vodka,TJR,edm
Unchained,Sôra,latin
Alors On Danse - Radio Edit,Stromae,rap
Rey de Reyes,María y José,latin
Soltero,Grupo Niche,latin
Never Tired,Yung Skii,rap
Watersteps,Erik Kearing,latin
Shatter,BAYNK,edm
Circle of Cranes,Julian Kerins,latin
Tremor - Synth Mix,DJ C Club,edm
Burn Break Crash,Aanysa,edm
In My Head,DAO,rap
Lately,Celeste,r&b
Enjoy Ya Self,Slakah The Beatchild,r&b
El Tren del Sabor,Tony Succar,latin
Collateral Damage,Burna Boy,r&b
The Pretender,Jackson Browne,rock
Criminal Mentality,Mr. Criminal,latin
Put Yo Hood Up,Lil Jon & The East Side Boyz,rap
Destino,Greeicy,latin
Sweet Home Alabama,Lynyrd Skynyrd,rock
Juju On That Beat (TZ Anthem),Zay Hilfigerrr,r&b
Harder,Jax Jones,pop
Moscow - Radio Edit,W&W,edm
Feel,Triple H,edm
Don't Be So Hard,The Audition,pop
Guayaba,Anakena,latin
I Seen a Man Die,Scarface,rap
"Sit Still, Look Pretty",Daya,pop
We Were Gods (feat. Urban Cone & Lucas Nord) - Radio Edit,John Dahlbäck,edm
Stereo Hearts (feat. Adam Levine),Gym Class Heroes,latin
"Naive - Acoustic / Live At Abbey Road, 2005",The Kooks,latin
Evil Woman,Electric Light Orchestra,rock
Sieben,Subway To Sally,pop
Teenage Dirtbag,Wheatus,rock
There It Is,Ol' Burger Beats,rap
Mr. Roboto,Styx,rock
Hot Legs,Rod Stewart,rock
Driftin' Blues,Charles Brown,rock
No Control,One Direction,pop
Pumped Up Kicks,Foster The People,rock
Smoke on the Water - 2012 Remaster,Deep Purple,rock
Perdóname,Eddy Lover,latin
Contact,Lulleaux,latin
"Sugar, You",Oh Honey,pop
Some,Steve Lacy,r&b
Capsize,FRENSHIP,latin
Traicionera,Sebastian Yatra,latin
Boarding Passes,Belve,rap
Ojos Que No Ven,Kexxy Pardo,latin
Orange Cookies,Joven BTZ,rap
Booyah - Original Mix,Showtek,edm
U Can't Touch This,MC Hammer,r&b
Represent,Nas,rap
Love Me Again - Gemini Remix,John Newman,edm
I Don't Care (with Justin Bieber),Ed Sheeran,latin
Somebody,Escape With Romeo,pop
Love You That Much,Mary Mary,r&b
Carousel,Chris Goldarg,edm
Só,Caio,latin
"The Gangsta, The Killa And The Dope Dealer",Westside Connection,rap
Devil Devil,MILCK,pop
Runnin' with the Devil - 2015 Remaster,Van Halen,rock
Agua,Self Sabotage,latin
Flashlight - Original Mix,R3HAB,edm
Otro Level,Ysy A,rap
Me Quiere Besar,Alexis y Fido,latin
Right Back (feat. A Boogie Wit Da Hoodie),Khalid,r&b
BTSTU (Edit),Jai Paul,pop
Doag,Great Minds,rap
The Trooper - 1998 Remaster,Iron Maiden,rock
Letting Go,Hogland,pop
Freak with Me,Keith Sweat,r&b
Arabian Knights,Mishaal,rap
Space - Klaas Bigroom Remix,Micha Moor,edm
2 MUCH (feat. 24hrs) (feat. 24hrs),Flosstradamus,rap
No Es Culpa Mía,DY,latin
Cerrone's Paradise,Cerrone,edm
Making Me Dizzy,Tiësto,edm
Clarity - Brillz Remix,Zedd,rap
Ten Feet Tall - Borgeous Remix,Afrojack,edm
emotion,lovelytheband,pop
Eazy-er Said Than Dunn,Eazy-E,rap
All Day And Night,Jax Jones,edm
Ocean Drive - Michael Calfan Remix,Duke Dumont,edm
Follow Your Heart,Scorpions,rock
Plain Jane,A$AP Ferg,r&b
Cmnd,Dust Collectors,rap
Livin' On A Prayer,Bon Jovi,pop
Dominate,Justin Prime,edm
London,GUILC,edm
Isle Of Man,Jeff Retro,edm
Runnin' with the Devil,Van Halen,rock
18 and Life,Skid Row,rock
These Are The Times,Dru Hill,r&b
Nice To Meet Ya - Diplo Remix,Niall Horan,edm
Perriando,Reykon,latin
It’s Like That,Guts,r&b
All The Things (Your Man Won't Do),Joe,r&b
ROXANNE,Arizona Zervas,pop
Understand This,ROËDS,latin
Tubthumping,Chumbawamba,rock
Strangers,Bad Actor,pop
Know You Better,LEISURE,pop
I Got U,Duke Dumont,latin
Remember Me,DA Image,rap
The Way We Thought,The Outset,latin
Judith,A Perfect Circle,rock
Jimmy Neutron,ABG Neal,edm
No One Else,AMiR,r&b
Beast (All as One),Dimitri Vegas & Like Mike,edm
Guilty,Neon Dreams,pop
Poppin' My Collar - feat. Project Pat - Explicit,Three 6 Mafia,rap
Playa,Baby K,r&b
Death & Taxes,Daniel Caesar,r&b
If I Were In Your Shoes,You Me At Six,pop
Follow The Sound - Edit,RoulnDoors,latin
When I Lie,Lil Peep,r&b
Radical - Edit,Amtrac,pop
Kills You Slowly,The Chainsmokers,pop
Try My Love,Shinehead,r&b
Do You Remember,Jarryd James,pop
Dragostea Din Tei - Romanian Version,O-Zone,pop
Love Thang,Michelle Williams,r&b
Anonymous - Original Mix,Josh Butler,edm
Dzieci burzy,BORCREW,rap
Childish Dreams,Misc.Inc,rap
So Afraid,Thelin,edm
"Alone, Pt. II",Alan Walker,edm
Good Times,Sidney Charles,edm
Badboy Sound,Diskord,edm
Cold Little Heart - Radio Edit,Michael Kiwanuka,r&b
Narco,Blasterjaxx,edm
Real Muthaphuckkin' G's,Eazy-E,rap
First Of The Gang To Die - Remastered,Morrissey,rock
A Veces,David Khalis,latin
Portland,Zoology,r&b
So Good,Dove Cameron,pop
Sweet Dreams (feat. Kaleena Zanders),Breathe Carolina,edm
We Got That Cool (feat. Afrojack & Icona Pop),Yves V,edm
Strike It Up,Black Box,r&b
How You Love Me,3LAU,edm
Falling,Trevor Daniel,latin
Colores,GAMBOA,latin
God Is A Dancer,Tiësto,pop
Zero For Conduct,Block B - BASTARZ,edm
Still Disappointed,Stormzy,rap
Boo Boo'n,Scarface,rap
Half Your Age,Joywave,rock
My Humps,The Black Eyed Peas,latin
Shine A Light,Hardwell,edm
"This is Our Song - From ""Camp Rock 2: The Final Jam""",Demi Lovato,pop
Like I'm Gonna Lose You (feat. John Legend),Meghan Trainor,pop
Don't Bring Me Down,Electric Light Orchestra,rock
Since I Don't Have You,Guns N' Roses,rock
Cash Money,Mike Zombie,r&b
Operate (Illenium Remix) [feat. Royal],Kill Paris,pop
Sentimento,Dj Gabriel do Borel,rap
All My Life,K-Ci & JoJo,r&b
Sleepy Eyes,Elohim,rap
Criticize - Single Edit,Alexander O'Neal,r&b
Starving,Hailee Steinfeld,pop
Moonlight,CURTI$Y,edm
All Night,Steve Aoki,r&b
Pretty Pimpin,Kurt Vile,r&b
Yeats' Grave,The Cranberries,rock
Wish You Were Here,Pink Floyd,rock
Iris (Hold Me Close),U2,rock
Una Lady Como Tú,Manuel Turizo,latin
Pega Pega,"Tito ""El Bambino""",latin
Tapping Out,Issues,rock
Welcome To New York City,Cam’ron,rap
Free Falling,VINNE,edm
Pissed Off,Angie Stone,r&b
Work from Home,Fifth Harmony,r&b
Blue and Green,Harris Cole,rap
Backfire,Deep Chills,latin
Into The Wild,Kovan,latin
Till It Happens To You,Corinne Bailey Rae,r&b
Game Over,Martin Garrix,edm
Honky Cat,Elton John,rock
Te Guste,Jennifer Lopez,rap
Trade It All,PJ Morton,r&b
Kill Em With Kindness,Selena Gomez,pop
The Rain,K-OS,r&b
Feel,Robbie Williams,rock
Cold Water (feat. Justin Bieber & MØ),Major Lazer,pop
Loser,Plastiscines,rock
Betcha Can't Do It Like Me,D4L,rap
Falling Back,Roosevelt,edm
Never Never (feat. Indiiana),Drenchill,edm
Giddem,Burna Boy,r&b
Ascension (Don't Ever Wonder),Maxwell,r&b
Can't Be Alone Tonight,Atlas Genius,pop
Gangsta's Paradise,Coolio,rap
Love Like Waves,Friendly Fires,pop
Kiss You All Over,Exile,rock
Still In Love,Thirdstory,r&b
Beg,Jack & Jack,r&b
In My Mind - Axwell Mix,Ivan Gough & Feenixpawl feat. Georgi Kay,edm
Talk - Alle Farben Remix,Khalid,latin
Love Again,Brandy,r&b
Chinese Democracy,Guns N' Roses,rock
March Madness,Future,rap
Nadie Como Tu,Wisin & Yandel,latin
Ludo,Xabski,rap
Liquid Spirit - Claptone Remix,Gregory Porter,pop
Forever Numb,Skilla O.P.,r&b
Coming Home,jeonghyeon,edm
Popiół (prod. Szwed),Płomień 81,rap
Necesito,KBM,latin
Instant Karma! (We All Shine On),John Lennon,rock
Judas,BANKS,pop
Memoria Rota,Arcangel,rap
En Este Taco,Boca Paila,latin
99 Problems,Hugo,r&b
You Ain't Seen Nothing Yet,Bachman-Turner Overdrive,rock
Southernplayalisticadillacmuzik,OutKast,rap
The Line,Audax,edm
I'm Coming Out,Diana Ross,r&b
Upside Down,Bonesteel,rock
Rebel.,After 10,rock
True Confessions,Blue Öyster Cult,rock
Motion Sickness,Phoebe Bridgers,pop
Masquerade,Dyro,edm
She Wolf (Falling to Pieces) [feat. Sia],David Guetta,edm
Motownphilly - Original Version,Boyz II Men,r&b
Aerodynamic,Daft Punk,pop
"Happy Holidays, Parts 1 & 2",Ohio Players,r&b
Por Eso Vine,Paulo Londra,latin
Who's Got Your Love,Ballin Entertainment,latin
Think About You,Kygo,edm
"Loco Contigo (with J. Balvin & Ozuna feat. Nicky Jam, Natti Natasha, Darell & Sech) - REMIX",DJ Snake,latin
Cómo Dímelo,Nicki Nicole,rap
Undefeated (feat. 21 Savage),A Boogie Wit da Hoodie,r&b
Bad Moon Rising,Creedence Clearwater Revival,rock
Mi Buen Amor,Gloria Estefan,latin
Where Are You Now,Tiny Fighter,rock
Hark! the Herald Angels Sing,Take 6,r&b
Game Over,Lil' Flip,rap
Brightest Light - Radio Edit,FDVM,pop
Adore You,Harry Styles,latin
Back To Life,Soul II Soul,r&b
One Life - Original Mix,Sunnery James & Ryan Marciano,edm
Picture Me,C-Murder,rap
Love Me To The End,Deine Lakaien,pop
No Limit,G-Eazy,rap
Yesterday (feat. Maxx Owa),GASHI,r&b
Dancing Cheek to Cheek - Remix by Sefi Carmel Feat. Gani Tamir,Fred A. Staire,edm
Meant To Be,Robotaki,pop
Clandestino,Shakira,latin
Some Kind Of Lover,Jody Watley,r&b
Fast Car,Jonas Blue,pop
Fly Away,Goodie Mob,rap
Omri,FEARSTbeats,rap
Me Quedaré Contigo,Pitbull,latin
Maillot de bain,Modhayan,pop
Attention,Kelis,r&b
Exchange,Bryson Tiller,r&b
Money On My Mind,Lil Wayne,rap
Hachepe,Novoa,latin
Escape,Thomas Gold,edm
Revell,Smoke Trees,rap
Poison,Bell Biv DeVoe,r&b
Don't Wanna Lose You,Gloria Estefan,latin
Manhattan,Scott Walker,rock
Don't Leave Me,Blackstreet,r&b
Fade Into Darkness - Vocal Radio Mix,Avicii,edm
Niña Bonita,Chino & Nacho,latin
Cuando Nos Volvamos a Encontrar - Live from Spotify,Carlos Vives,latin
Tyrone,Erykah Badu,r&b
Are You Gonna Go My Way,Lenny Kravitz,rock
Reload - Vocal Version / Radio Edit,Sebastian Ingrosso,edm
Bad Bad Bad (feat. Lil Baby),Young Thug,r&b
Buy U a Drank (Shawty Snappin'),T-Pain,rap
Diamonds (with Normani),Megan Thee Stallion,rap
Ride Wit Me,Nelly,r&b
Add the Bassline,Jordan Rakei,r&b
Siempre Peligroso (feat. Fermin IV Caballero) - feat. Fermin IV Caballero of Control Machete,Cypress Hill,rap
Oblivion (feat. Amber Van Day),Love Harder,edm
Say It to My Face,Madison Beer,pop
Freek'n You,Jodeci,r&b
Fre$h,Lil Whigga,rap
Chance,Davide Cristofori,rock
Cereal Killer,Geto Boys,rap
Often - Kygo Remix,The Weeknd,latin
Turn Me On (feat. Vula),Riton,r&b
Honesty,Pink Sweat$,r&b
Deck the Halls / Silent Night,Whitney Houston,r&b
Shine a Light,Travel With The Sun,rock
Vete,Bad Bunny,latin
Beautiful People (feat. Khalid),Ed Sheeran,latin
Something More,Ralph,pop
In the End,The Cranberries,rock
Shakin',Eddie Money,rock
Don't Let Me Down - W&W Remix,The Chainsmokers,edm
Irrelevant,Somber,rap
Raincoat - Ashworth Remix,Timeflies,edm
Let's Go All The Way,Sly Fox,rock
Too Good,Drake,pop
Helter Skelter,Rob Zombie,rock
The Melody,NWYR,edm
You Are My Summer,La+ch,edm
A LIGHT THAT NEVER COMES - Twoloud Remix,Linkin Park,edm
Outta Control - Remix,50 Cent,rap
Feelings,Lauv,pop
Gimme Brain,Travis Barker,rap
Good Enough - Original Mix,HIIO,edm
My Way - 1993 Remastered Version,Sid Vicious,rock
Sistema,Zion & Lennox,latin
Bad Boy Ken (feat. Siri),Badpojken,edm
With You - Dexter Remix,Kaskade,pop
Live Your Life,X-Change,latin
Darte,Alex Rose,rap
Another Day,Paul McCartney,rock
Thinking out Loud,Ed Sheeran,latin
Identity,Ryos,edm
The Morning,Raekwon,rap
Salsa Pa' Olvidar las Penas (feat. Gilberto Santa Rosa),Víctor Manuelle,latin
All Comes Back To You,R3HAB,edm
Nothing Gold Can Stay,Clarens,pop
Tottenham Tugz,Poppy,pop
Talkin' My Shit,Quin Nfn,rap
Good Thing (feat. Kehlani) - Marc Benjamin Remix,Zedd,edm
LLORAS,Cauty,latin
Amazing,One Eskimo,r&b
Flaw in That,Marc Oso,r&b
Ella Se Fue,Kinto Sol,latin
Ballroom Blitz,Sweet,rock
"Ay MI Dios (feat. Pitbull, Yandel & Chacal)",IAmChino,latin
Diamonds,Rihanna,edm
Ride It,Regard,latin
Dysfunktional Family,KXNG Crooked,r&b
To Be With You - Re-edit,Jimmy Sabater,r&b
Liar,Camila Cabello,edm
Play Nice,Nause,edm
Money Longer,Lil Uzi Vert,rap
"Independent Women, Pt. 1",Destiny's Child,r&b
Flutua,Johnny Hooker,latin
Redline - Radio Edit,Wolfgang Gartner,edm
On The Drums,Pickle,edm
Amanece,Anuel AA,rap
Boots,Greyson Chance,pop
Silly of Me,8 Graves,pop
A Little Respect,Erasure,rock
Young Ones,Andrea Consoli,latin
Rappers,Lil Whigga,rap
25 Bucks (feat. Purity Ring),Danny Brown,r&b
Power,Hardwell,edm
Call Me Maybe,Carly Rae Jepsen,edm
Focus,Blackcode,edm
Back for Me,Electric Guest,pop
Estamos Bien,Bad Bunny,rap
Love Hurts,Nazareth,rock
Lucky Star,Adaptiv,edm
No Pierdo Nada (Nothin' To Lose) - Spanish Edit,Cypress Hill,latin
Glitter,Bhavi,rap
Bounce Generation - Original Mix,TJR,edm
Sunflower Serenade,Minthaze,rap
Home (feat. Nico Santos) - Marcapasos Radio Remix,Topic,latin
To The Core - Album Edit,Julian Calor,edm
I Know,DallasK,edm
Alive,Pearl Jam,rock
Often - Kygo Remix,The Weeknd,edm
Pentakill,Neelo,rap
Toulouse - Bobby Anthony Vocal Mix,Nicky Romero,edm
Pleaser,Wallows,pop
Paradise,UNOMAS,latin
Lo Mejor de Mi Vida Eres Tú (feat. Natalia Jiménez),Ricky Martin,latin
Never Keeping Secrets,Babyface,r&b
The Violence,Asking Alexandria,rock
Tachyon,Comedy of Errors,rock
Quik's Groove,DJ Quik,rap
Fine Day,Keanu Silva,pop
Mandala - Official Sunburn 2016 Anthem,KSHMR,edm
Poem Without Words 2 - Journey By Night,Anne Clark,pop
Cocaine,Pink Sweat$,r&b
Have Yourself a Merry Little Christmas,Luther Vandross,r&b
Like This,Sebastian Mateo,edm
Light It Up,CALVO,edm
Close to You,Klaas,edm
Painkiller,Three Days Grace,rock
I don't wanna do,SARM,pop
There's Nothing Holdin' Me Back,Shawn Mendes,pop
Buckle Up,Klave,edm
Fin août - Yuksek remix,Tim Dup,edm
Souls Got Saved,Adrianne Archie,r&b
If I Can't Have You,Shawn Mendes,latin
Comin' Out Hard,8Ball & MJG,rap
EYES SHUT,Declain,edm
It Ain't Over,Funk Machine,pop
In My Mind,Dynoro,edm
Take Me Home - BBC Children In Need Single 2015,Jess Glynne,r&b
Some Say,Nea,pop
Easy - Remix,DaniLeigh,r&b
Doble Cara,Arcangel,latin
One Kiss (with Dua Lipa),Calvin Harris,pop
Slow Motion,DJ Dow Jones,rap
"The Gangsta, The Killa And The Dope Dealer",Westside Connection,rap
Sister Christian,Night Ranger,rock
EARFQUAKE,"Tyler, The Creator",r&b
Nothin' At All (feat. Skoolie 300),Chuuwee,r&b
Best Friend,Ady Suleiman,r&b
Play My Music,Jonas Brothers,pop
Dreaming of You,Louzada,rock
Muévelo,Nicky Jam,latin
Bailemos,Manuel Turizo,latin
Banana Clip,Miguel,r&b
Beating Of My Heart - Matisse & Sadko Remix,M-3ox,edm
On & On,Cartoon,edm
I Wanna Go,Summer Heart,edm
One Way Or Another,Blondie,pop
Isla para dos,Nano Cabrera,latin
Thinkin Bout You,Jonasu,latin
Time Out,JessB,rap
Marimba - Original Mix,Soul Cartel,latin
This Is What You Came For - R3hab X Henry Fong Remix,Calvin Harris,edm
Some Say - Felix Jaehn Remix,Nea,latin
Be As You Are,Mike Posner,pop
Corazón (feat. Nego do Borel),Maluma,latin
Gonna Miss You,Rapsody,rap
Territory,The Blaze,r&b
Together - Radio Edit,Thomas Newson,edm
The Way I Am,Gavin Haley,pop
Roar,Katy Perry,edm
Wanda Nara,Duki Y Neo Pistea,rap
Futsal Shuffle 2020,Lil Uzi Vert,rap
Jolly Roger,NAEMS,edm
Godzilla (feat. Juice WRLD),Eminem,r&b
I Gotcha Back,GZA,rap
Hear Me Calling,Juice WRLD,rap
Compound,Trellion,rap
Ella Me Cautivo,J Balvin,latin
House of the Rising Drum,Delinquent Habits,latin
Let The Music Guide You (ASOT 950 Anthem),Armin van Buuren,edm
Like I Love You - Small Talk Remix,Theresa Rex,pop
Don't You Want Me,Jody Watley,r&b
The Devil in I,Slipknot,rock
The Black Hole,Martin Numan,edm
Como Se Perdona,You Salsa,latin
Yoohoo,Dusky,edm
Funny How Love Is - Remastered 2011,Queen,rock
I Know,Bayonne,pop
Senses,KINGDØMS,pop
Watch Out Now,The Beatnuts,rap
Promise Me,Brian Mackey,rock
New Rules - Alison Wonderland Remix,Dua Lipa,rap
If That's Alright,Dylan Dunlap,r&b
Bandit (with YoungBoy Never Broke Again),Juice WRLD,rap
Love$ick,Mura Masa,r&b
All Out of Love,Air Supply,rock
No Te Veo - Remix,Casper Magico,latin
Is There A Heaven For A Gangsta?,Master P,rap
In the Water,GAWVI,edm
Shut Up and Dance,WALK THE MOON,edm
Destillat - VNV Nation Remix,Das Ich,pop
Lead Boots,Mammoth Mammoth,rock
Dial My Heart,The Boys,r&b
Get Together,The Youngbloods,rock
There She Goes,Sixpence None The Richer,rock
Are You Listening,DubVision,edm
Cha Cha Slide - Hardino Mix,DJ Casper,pop
Let Your Love Flow,The Bellamy Brothers,rock
OUTTA MY MIND,Monsune,r&b
Kiss It Better - KAYTRANADA Edition,Rihanna,r&b
Wave (feat. Mike Sabath) - ARKADI Remix,Meghan Trainor,edm
Sending My Love,Zhané,r&b
Electric Feel,MGMT,pop
Underworld,Unaverage Gang,rap
better days,sky pedro,latin
Beam Me Up - Didrick Remix,CAZZETTE,edm
Fast Life,Azet,rap
Something Just Like This,The Chainsmokers,pop
INSIDE,Night Lovell,rap
A Moment Apart,ODESZA,edm